topology_id,W,V,n_edges,shape_hash,density,lambda_2,eigen_ratio,avg_degree,diameter,clustering_coeff,family,win_rate,avg_score,std_score,avg_llm_calls,avg_tokens,avg_latency,robustness_drop
W4_V1_000_27ecd0a598e7,4,1,4,27ecd0a598e7,1.0,1.0,0.16666666666666666,1.6666666666666667,2,0.0,star,0.4771491680543492,14.165813857291447,2.784276247918476,209,46287,0.1647910246568841,0.10383521209501857
W4_V2_001_9d5231433041,4,2,4,9d5231433041,0.5,0.4659298032772682,0.07699570125148728,1.7142857142857142,3,0.0,moderate,0.4385113291722835,13.23693421381097,2.8422330062415746,165,50050,0.18480153487806084,0.20881723620904097
W4_V2_002_25a98d7a1250,4,2,4,25a98d7a1250,0.5,0.29553218574068635,0.05798720050951965,1.7142857142857142,4,0.0,moderate,0.4551232823195928,12.172540693510257,2.817315076520611,180,55143,0.19550370445068738,0.16945412909364216
W4_V2_003_b92d25d0a279,4,2,5,b92d25d0a279,0.625,0.7269271369323336,0.11853417680294033,2.0,3,0.0,moderate,0.44542045835759014,15.178857508302128,2.8318693124636147,191,51462,0.2558154592776674,0.15471332193092233
W4_V2_004_557ab3958ef6,4,2,4,557ab3958ef6,0.5,0.2679491924311226,0.06070145647576514,1.7142857142857142,4,0.0,moderate,0.4524133628248234,14.075191858409706,2.821379955762765,233,61659,0.21561136358760613,0.19347938267726486
W4_V2_005_70b42f480010,4,2,5,70b42f480010,0.625,0.513960597102752,0.09672470546749093,2.0,4,0.0,moderate,0.49015956344390327,13.710993574844528,2.764760654834145,166,49719,0.23636270856017214,0.16004462804915584
W4_V2_006_26f418008ba1,4,2,6,26f418008ba1,0.75,0.8673625064201611,0.1382675644542095,2.2857142857142856,3,0.0,dense,0.4588736622962443,13.854725932155011,2.8116895065556333,226,69188,0.2823797774387341,0.13286740689215684
W4_V2_007_0aac1ab91f48,4,2,6,0aac1ab91f48,0.75,0.6972243622680053,0.12039193710111361,2.2857142857142856,4,0.0,dense,0.47274390376533115,14.106605943218948,2.7908841443520034,226,61112,0.24768136728536022,0.09333366455269974
W4_V2_008_58b152dbcbf8,4,2,7,58b152dbcbf8,0.875,0.948625758268963,0.1451814458229668,2.5714285714285716,3,0.0,dense,0.48088671933635413,16.013052598887842,2.7786699209954686,218,50034,0.24485574850071126,0.08613259195315016
W4_V2_009_04abc8821a06,4,2,8,04abc8821a06,1.0,1.9999999999999991,0.28571428571428564,2.857142857142857,2,0.0,star,0.5725866699407782,17.937879908978623,2.6411199950888324,287,76379,0.3872987940628577,0.044260870253551556
W4_V3_010_fa7f639248af,4,3,4,fa7f639248af,0.3333333333333333,0.37380193147270663,0.060866548326482035,1.75,3,0.0,moderate,0.4275972033981728,11.431235619772853,2.8586041949027408,160,45483,0.21052426770338845,0.18718242060990398
W4_V3_011_272d853a9432,4,3,4,272d853a9432,0.3333333333333333,0.2888014012714064,0.05467747327338636,1.75,4,0.0,moderate,0.46725928958121987,14.545497065925645,2.7991110656281704,176,45785,0.1754473076717464,0.18854786318005015
W4_V3_012_ecb87a3006c8,4,3,5,ecb87a3006c8,0.4166666666666667,0.5448659874787013,0.08749607294872028,2.0,3,0.0,moderate,0.4413346794413714,14.026474874474829,2.837997980837943,186,54762,0.24552655880149718,0.19912821993585023
W4_V3_013_bc3197bf4c60,4,3,5,bc3197bf4c60,0.4166666666666667,0.3186693563950226,0.059861949209180434,2.0,4,0.0,moderate,0.4648822991835194,12.943640122136003,2.802676551224721,180,42585,0.14986501938227986,0.1492492618386222
W4_V3_014_2dc7bbf7984e,4,3,6,2dc7bbf7984e,0.5,0.6277186767309857,0.0985076842792249,2.25,3,0.0,moderate,0.4970375172065757,12.606231623438816,2.7544437241901365,220,59248,0.32287577842335435,0.13032480293303703
W4_V3_015_6845ba051b47,4,3,4,6845ba051b47,0.3333333333333333,0.267949192431123,0.05566495563850179,1.75,4,0.0,moderate,0.45553492440758153,12.041386010525107,2.816697613388628,179,40844,0.21862118217729287,0.20713206806996834
W4_V3_016_4325f29d6d39,4,3,5,4325f29d6d39,0.4166666666666667,0.5065637498004957,0.09203859931381941,2.0,4,0.0,moderate,0.457732031769698,11.323697599653695,2.813401952345453,196,56248,0.23629260727617213,0.2272200334062941
W4_V3_017_7012eaa8e549,4,3,4,7012eaa8e549,0.3333333333333333,0.3064747977721272,0.06529735850286965,1.75,4,0.0,moderate,0.45601103329886167,11.936886160653541,2.8159834500517076,187,59985,0.24745556229572896,0.2107061317744853
W4_V3_018_29847ea9099d,4,3,5,29847ea9099d,0.4166666666666667,0.34788006758242485,0.06403956554921217,2.0,4,0.0,moderate,0.5128933012653782,12.371575033700264,2.7306600481019325,171,45880,0.13636569262218456,0.19822119507109875
W4_V3_019_3153c6f688a3,4,3,5,3153c6f688a3,0.4166666666666667,0.30737287663628327,0.061651030648626266,2.0,4,0.0,moderate,0.46072683338966114,11.322512558921947,2.8089097499155082,172,52484,0.3062365445845893,0.2665825406468865
W4_V3_020_6835b858868e,4,3,6,6835b858868e,0.5,0.5107114281899213,0.08838197078182149,2.25,4,0.0,moderate,0.4923332207182278,12.423691468570937,2.7615001689226584,152,38852,0.17683213699101574,0.13997042936153908
W4_V3_021_799d1d75ffcd,4,3,6,799d1d75ffcd,0.5,0.6277186767309859,0.09850768427922497,2.25,3,0.0,moderate,0.48082056381238103,15.368817111930037,2.7787691542814286,223,55511,0.18386585276478215,0.1437440960611334
W4_V3_022_f0e452e9a1b8,4,3,6,f0e452e9a1b8,0.5,0.7715327560250661,0.12231163640451481,2.25,3,0.0,moderate,0.4900890481494492,16.532963448163216,2.764866427775826,234,62014,0.22155281167914875,0.12937983046636217
W4_V3_023_c12e372c36b5,4,3,6,c12e372c36b5,0.5,0.518805695907984,0.09328432424719964,2.25,4,0.0,moderate,0.45849192740161654,16.694607727472146,2.812262108897575,201,50835,0.2877786506437122,0.16988186231650923
W4_V3_024_a33be05ac0fb,4,3,7,a33be05ac0fb,0.5833333333333334,0.776222410503313,0.11905355552984791,2.5,3,0.0,moderate,0.49139329047281544,13.835575696470634,2.762910064290777,220,58597,0.22471971181163763,0.09916187277041141
W4_V3_025_952f5797917c,4,3,6,952f5797917c,0.5,0.3186693563950224,0.0598619492091804,2.25,4,0.0,moderate,0.47718116791713233,16.09481089962124,2.7842282481243017,224,64640,0.3341000870853412,0.16491480837424902
W4_V3_026_34bd5d310509,4,3,7,34bd5d310509,0.5833333333333334,0.5780607721060114,0.09727207644714496,2.5,4,0.0,moderate,0.47466991387095603,15.355472031541305,2.787995129193566,270,77084,0.28977654841397504,0.09645522402263004
W4_V3_027_e3694cae3e19,4,3,8,e3694cae3e19,0.6666666666666666,0.7985276617807596,0.11836056978099173,2.75,3,0.0,moderate,0.5508538995658532,17.195745375965185,2.67371915065122,249,80636,0.2683477158978256,0.08982485609799187
W4_V3_028_237f59b91d25,4,3,6,237f59b91d25,0.5,0.6728088331968111,0.11316793150691357,2.25,4,0.0,moderate,0.5063921866530992,13.484798555547805,2.7404117200203513,218,63247,0.3319740930656858,0.1610508805403857
W4_V3_029_099e152b933f,4,3,5,099e152b933f,0.4166666666666667,0.36359506278950665,0.0717654444253473,2.0,4,0.0,moderate,0.48894153991663686,10.79204032745311,2.7665876901250446,190,46252,0.18409238165356245,0.16914296344564228
W4_V3_030_ab29d013fd41,4,3,6,ab29d013fd41,0.5,0.5571727975939876,0.09912458883384764,2.25,4,0.0,moderate,0.5093905310634836,12.123097296152459,2.7359142034047745,216,58356,0.3093378912652302,0.1744767964434511
W4_V3_031_7c4fa3614e1b,4,3,7,7c4fa3614e1b,0.5833333333333334,0.6972243622680054,0.1131077739293802,2.5,4,0.0,moderate,0.5325051415706133,14.15830317997251,2.70124228764408,212,60902,0.28442866792268556,0.10496835783299899
W4_V3_032_d373f622b6e5,4,3,6,d373f622b6e5,0.5,0.5857864376269044,0.10532785668739456,2.25,4,0.0,moderate,0.4858871546929707,14.172988351524006,2.771169267960544,321,81663,0.4029308319225412,0.11443007327822324
W4_V3_033_305475c999c6,4,3,6,305475c999c6,0.5,0.3656510978643664,0.06420062331346549,2.25,4,0.0,moderate,0.45615148478606926,13.947225322818342,2.815772772820896,252,65614,0.19503554851306726,0.1534533557169861
W4_V3_034_e9b7ffeb3301,4,3,6,e9b7ffeb3301,0.5,0.46791111376204353,0.0884451410853522,2.25,4,0.0,moderate,0.44620956190136246,12.560355601767238,2.8306856571479564,190,43180,0.15464773773045043,0.22221074669418228
W4_V3_035_ef9b44287c4b,4,3,7,ef9b44287c4b,0.5833333333333334,0.5857864376269044,0.09763107293781743,2.5,4,0.0,moderate,0.44871645047258024,11.739419037989004,2.8269253242911296,335,82025,0.4170875521605985,0.14774666652821528
W4_V3_036_eeb4498f0c3f,4,3,8,eeb4498f0c3f,0.6666666666666666,0.6972243622680053,0.10764033277922894,2.75,4,0.0,moderate,0.5484107943461655,13.100643914511629,2.6773838084807515,258,75605,0.31659219643849507,0.11265197773118543
W4_V3_037_a6f5fc8d53de,4,3,7,a6f5fc8d53de,0.5833333333333334,0.6739708735496803,0.10161678476947035,2.5,3,0.0,moderate,0.45006543808007493,13.043524640998902,2.8249018428798873,232,61094,0.3019769261272569,0.16788147453459484
W4_V3_038_e6f4cc969038,4,3,7,e6f4cc969038,0.5833333333333334,0.8806388431459645,0.13667820036375866,2.5,3,0.0,moderate,0.5058230682988839,14.597511432185412,2.741265397551674,241,62263,0.30502471308366536,0.1345814020475953
W4_V3_039_3e939ee2cfd3,4,3,7,3e939ee2cfd3,0.5833333333333334,0.6906711320671316,0.11491871993311124,2.5,4,0.0,moderate,0.5548754820812815,17.018538138688243,2.667686776878078,246,60670,0.3547571476544432,0.14538247675441412
W4_V3_040_ef5865c85d66,4,3,8,ef5865c85d66,0.6666666666666666,0.88996140798179,0.13137899350346152,2.75,3,0.0,moderate,0.5201925413592443,11.625431515849643,2.7197111879611335,300,74006,0.36642375962750257,0.12457818279736226
W4_V3_041_078d948da9c8,4,3,7,078d948da9c8,0.5833333333333334,0.7576704117945419,0.13170213786817406,2.5,4,0.0,moderate,0.49678555247703843,13.523169851019128,2.7548216712844424,233,66306,0.3531745986496579,0.06050024677206106
W4_V3_042_5106b0fcbf15,4,3,8,5106b0fcbf15,0.6666666666666666,0.9077072051744562,0.13646541444719293,2.75,3,0.0,moderate,0.4995649566239181,14.259548111545687,2.750652565064123,267,60688,0.3634997741857055,0.16848717309159222
W4_V3_043_1fa99804679c,4,3,7,1fa99804679c,0.5833333333333334,0.5642760700274955,0.09674615168740389,2.5,4,0.0,moderate,0.440375435686712,14.580247248787826,2.839436846469932,227,56389,0.2556771913822061,0.17650133784096875
W4_V3_044_3d7c69aadc56,4,3,8,3d7c69aadc56,0.6666666666666666,0.7715327560250662,0.12231163640451477,2.75,4,0.0,moderate,0.5175155152669633,16.808653591318475,2.723726727099555,310,103018,0.42494965793691497,0.14150631197057845
W4_V3_045_5175c16caeff,4,3,9,5175c16caeff,0.75,0.910199388641035,0.13032918630812543,3.0,3,0.0,dense,0.5020643150563862,14.124590504465441,2.7469035274154208,260,63609,0.3771175171208831,0.09011380160817854
W4_V3_046_0c59162ce9e9,4,3,7,0c59162ce9e9,0.5833333333333334,0.37380193147270646,0.06086654832648202,2.5,4,0.0,moderate,0.5135052059023301,15.288365953924849,2.7297421911465047,312,72645,0.37105234135508997,0.1023397842221555
W4_V3_047_c6ade81a0b3b,4,3,8,c6ade81a0b3b,0.6666666666666666,0.6277186767309856,0.09850768427922486,2.75,4,0.0,moderate,0.47782922846721765,16.000793391521697,2.7832561572991734,277,69136,0.3617391046438131,0.08016986218523284
W4_V3_048_a61625984fc9,4,3,9,a61625984fc9,0.75,0.7985276617807593,0.11836056978099169,3.0,4,0.0,dense,0.485358519943685,14.292316446651085,2.7719622200844727,334,70561,0.449418336451513,0.09799434053031067
W4_V3_049_9dd40adbba11,4,3,10,9dd40adbba11,0.8333333333333334,0.9161276405643922,0.12554731861158558,3.25,3,0.0,dense,0.527840934180379,16.758405732641357,2.7082385987294315,201,59843,0.1822202800273029,0.11927847144160525
W4_V3_050_9f9d6da1c1bd,4,3,8,9f9d6da1c1bd,0.6666666666666666,0.7029294556367253,0.09922954846870358,2.75,3,0.0,moderate,0.507864763511172,15.36425314089917,2.7382028547332418,245,76453,0.3056439010068584,0.12369869344762754
W4_V3_051_67f4c0afbf62,4,3,8,67f4c0afbf62,0.6666666666666666,0.9398235834534012,0.1405578051097021,2.75,3,0.0,moderate,0.5163905132838412,12.901668262297022,2.725414230074238,252,73458,0.35239121234551474,0.0849105842073144
W4_V3_052_cdb4cf02bfb0,4,3,9,cdb4cf02bfb0,0.75,1.2534317530042827,0.17405215130135843,3.0,3,0.0,dense,0.525241343926393,16.525079448605176,2.7121379841104103,240,68656,0.35421925952426603,0.0961761150001531
W4_V3_053_60997e898c2f,4,3,8,60997e898c2f,0.6666666666666666,1.0000000000000004,0.15240294919944816,2.75,3,0.0,moderate,0.5512098067081592,15.899708654347702,2.673185289937761,298,104249,0.34734191555669774,0.056560997904671256
W4_V3_054_71268460605b,4,3,8,71268460605b,0.6666666666666666,1.2384428181681095,0.20219852834662697,2.75,3,0.0,moderate,0.5721303460093409,14.179015005676852,2.6418044809859884,277,64245,0.26981763929469305,0.06862832855310105
W4_V3_055_ff4ccf2ba477,4,3,9,ff4ccf2ba477,0.75,1.3088744772233794,0.19029700331092317,3.0,3,0.0,dense,0.5082334368877239,14.758256151678177,2.737649844668414,304,72235,0.27969482816836777,0.09746394089504479
W4_V3_056_f8e179362ac9,4,3,10,f8e179362ac9,0.8333333333333334,1.627718676730986,0.2207890075482393,3.25,3,0.0,dense,0.5403401611301024,15.173160591136146,2.6894897583048465,332,100530,0.44306056870575344,0.09090194116804398
W4_V3_057_05af8f213f91,4,3,9,05af8f213f91,0.75,1.5857864376269049,0.24167852989482705,3.0,3,0.0,dense,0.5267319356218101,14.051366106714534,2.709902096567285,296,79383,0.4108583627866056,0.08785816957587196
W4_V3_058_c0c2892ac8e8,4,3,10,c0c2892ac8e8,0.8333333333333334,1.585786437626904,0.22094132955055384,3.25,3,0.0,dense,0.5485125351547292,15.82642898489286,2.677231197267906,197,46400,0.13941919400758473,0.05465206679534468
W4_V3_059_4b0ff71ccde0,4,3,11,4b0ff71ccde0,0.9166666666666666,1.8586638843446355,0.2437209036066336,3.5,3,0.0,dense,0.5948452064608718,14.710816377956599,2.6077321903086923,340,108742,0.43854310326369306,0.0947742433537486
W4_V3_060_3ee5f0d83bf7,4,3,12,3ee5f0d83bf7,1.0,2.999999999999999,0.37499999999999983,3.75,2,0.0,star,0.6447561440913071,16.480976393354492,2.5328657838630395,294,74486,0.3642991655962785,0.057440883914691376
